FECHA;DIA;Se11HumMin;Se11VelViento;Se11Precip;Se11ETo
31/12/25;365;54.4;0.5;0.2;0.7
30/12/25;364;56.4;0.4;0.2;0.7
29/12/25;363;50.6;0.4;0.0;0.7
28/12/25;362;53.5;1.1;1.6;1.0
27/12/25;361;58.0;1.3;3.4;0.9
26/12/25;360;59.3;0.4;0.0;0.6
25/12/25;359;63.5;0.4;0.2;0.6
24/12/25;358;56.4;0.4;1.2;0.7
23/12/25;357;84.9;0.7;10.6;0.5
22/12/25;356;62.0;0.7;0.2;0.6
21/12/25;355;76.1;1.2;17.0;0.7
20/12/25;354;58.2;1.4;2.2;0.9
19/12/25;353;62.2;0.7;7.0;0.8
18/12/25;352;48.7;0.3;0.2;0.7
17/12/25;351;63.5;0.7;0.2;0.8
16/12/25;350;76.6;1.2;11.8;0.7
15/12/25;349;72.0;0.6;4.4;0.7
14/12/25;348;46.2;0.7;1.8;1.0
13/12/25;347;48.2;0.9;0.0;1.1
12/12/25;346;68.6;1.2;0.2;0.9
11/12/25;345;54.1;0.4;0.2;0.8
10/12/25;344;60.3;0.4;11.4;0.7
09/12/25;343;40.7;0.3;0.2;0.8
08/12/25;342;64.1;0.4;0.2;0.7
07/12/25;341;58.5;0.5;0.2;0.8
06/12/25;340;71.1;0.4;0.0;0.7
05/12/25;339;98.7;1.2;2.2;0.5
04/12/25;338;71.0;1.1;0.0;0.8
03/12/25;337;49.7;1.2;0.8;1.1
02/12/25;336;76.4;0.8;3.4;0.7
01/12/25;335;56.9;0.5;0.2;0.8
30/11/25;334;75.6;0.6;2.0;0.7
29/11/25;333;41.8;0.6;0.2;1.0
28/11/25;332;37.2;0.4;0.0;0.9
27/11/25;331;29.0;0.9;0.0;1.3
26/11/25;330;33.7;0.9;0.0;1.2
25/11/25;329;49.5;1.5;1.6;1.3
24/11/25;328;64.8;1.4;0.6;1.1
23/11/25;327;31.7;0.6;0.0;1.1
22/11/25;326;39.1;1.0;0.0;1.2
21/11/25;325;38.0;0.8;0.2;1.1
20/11/25;324;47.8;0.5;0.0;1.0
19/11/25;323;44.4;0.6;0.2;1.1
18/11/25;322;60.0;0.5;0.2;1.0
17/11/25;321;80.2;1.0;21.0;0.7
16/11/25;320;67.1;1.1;5.6;1.2
15/11/25;319;70.3;1.6;6.2;1.1
14/11/25;318;61.0;1.6;15.8;1.3
13/11/25;317;30.7;1.3;11.8;1.7
12/11/25;316;20.7;1.8;0.0;3.2
11/11/25;315;22.2;1.1;0.0;2.2
10/11/25;314;35.2;0.4;0.0;1.3
09/11/25;313;41.0;0.6;0.2;1.4
08/11/25;312;42.4;1.1;0.2;1.7
07/11/25;311;46.0;0.5;0.0;1.3
06/11/25;310;50.7;1.0;0.0;1.5
05/11/25;309;36.2;3.0;12.6;3.0
04/11/25;308;50.7;2.4;0.0;2.8
03/11/25;307;40.5;0.9;0.2;1.9
02/11/25;306;60.2;0.5;1.2;1.3
01/11/25;305;51.7;0.6;0.2;1.5
31/10/25;304;49.7;0.6;0.0;1.7
30/10/25;303;63.3;0.8;1.2;1.5
29/10/25;302;53.0;1.6;11.8;1.8
28/10/25;301;63.1;1.6;1.8;1.8
27/10/25;300;57.0;0.8;0.4;1.8
26/10/25;299;55.7;1.3;34.4;1.8
25/10/25;298;32.9;1.0;0.0;2.7
24/10/25;297;32.5;0.7;0.0;2.5
23/10/25;296;39.9;0.6;0.0;2.3
22/10/25;295;44.5;1.5;0.0;2.7
21/10/25;294;50.4;1.3;0.0;2.2
20/10/25;293;53.9;1.2;0.0;2.1
19/10/25;292;20.8;1.2;0.0;3.3
18/10/25;291;19.6;2.2;0.0;4.4
17/10/25;290;29.4;2.4;0.0;4.4
16/10/25;289;38.1;1.8;0.0;3.4
15/10/25;288;31.6;1.1;0.0;3.1
14/10/25;287;27.1;0.5;0.0;2.6
13/10/25;286;28.2;0.6;0.0;2.7
12/10/25;285;34.5;1.6;0.0;3.5
11/10/25;284;29.6;1.2;0.0;3.2
10/10/25;283;36.5;1.4;0.0;3.4
09/10/25;282;38.9;0.9;0.0;2.9
08/10/25;281;37.2;1.1;0.0;3.2
07/10/25;280;24.0;1.3;0.0;4.1
06/10/25;279;36.7;2.7;0.0;4.9
05/10/25;278;23.1;0.5;0.0;3.0
04/10/25;277;18.9;0.9;0.0;3.7
03/10/25;276;19.6;0.9;0.0;3.8
02/10/25;275;24.2;1.0;0.0;3.7
01/10/25;274;36.6;0.7;0.0;3.2
30/09/25;273;38.3;0.6;0.0;2.9
29/09/25;272;55.0;0.6;7.6;1.9
28/09/25;271;37.5;2.2;0.4;3.4
27/09/25;270;25.7;1.0;0.0;3.7
26/09/25;269;21.3;0.7;0.0;3.5
25/09/25;268;20.2;0.8;0.0;3.8
24/09/25;267;21.0;1.3;0.0;4.0
23/09/25;266;17.1;0.7;0.0;3.5
22/09/25;265;17.0;0.6;0.0;3.3
21/09/25;264;17.4;1.1;0.0;4.2
20/09/25;263;20.1;1.3;0.0;5.1
19/09/25;262;18.0;1.8;0.0;4.9
18/09/25;261;16.0;1.4;0.0;5.3
17/09/25;260;17.4;1.0;0.0;4.9
16/09/25;259;17.5;1.1;0.0;5.1
15/09/25;258;18.6;0.7;0.0;4.4
14/09/25;257;15.6;0.9;0.0;4.8
13/09/25;256;16.6;0.7;0.0;4.4
12/09/25;255;15.7;0.8;0.0;4.8
11/09/25;254;21.8;0.7;0.0;4.4
10/09/25;253;30.5;1.2;0.0;4.6
09/09/25;252;20.6;1.2;0.0;4.2
08/09/25;251;26.6;1.1;0.0;4.6
07/09/25;250;17.7;0.5;0.0;3.2
06/09/25;249;30.9;2.4;0.0;6.6
05/09/25;248;15.2;2.1;0.0;6.9
04/09/25;247;17.0;0.9;0.0;5.1
03/09/25;246;15.6;0.7;0.0;4.7
02/09/25;245;16.2;0.9;0.0;4.8
01/09/25;244;18.8;1.4;0.0;5.0
31/08/25;243;17.8;1.3;0.0;5.4
30/08/25;242;17.8;1.1;0.0;5.6
29/08/25;241;17.8;1.0;0.0;5.0
28/08/25;240;20.9;1.7;0.0;5.6
27/08/25;239;18.6;1.4;0.0;5.7
26/08/25;238;30.4;1.1;0.0;4.9
25/08/25;237;17.0;1.1;0.0;5.7
24/08/25;236;30.6;0.9;0.0;4.5
23/08/25;235;25.5;1.0;0.0;5.5
22/08/25;234;17.6;0.9;0.0;5.3
21/08/25;233;19.2;0.9;0.0;5.3
20/08/25;232;26.4;1.2;0.0;5.4
19/08/25;231;17.2;1.4;0.0;6.0
18/08/25;230;15.0;1.2;0.0;5.8
17/08/25;229;14.2;0.9;0.0;6.3
16/08/25;228;14.6;1.2;0.0;6.8
15/08/25;227;13.3;2.3;0.0;9.0
14/08/25;226;13.3;2.7;0.0;9.4
13/08/25;225;13.5;2.4;0.0;9.2
12/08/25;224;13.0;1.2;0.0;6.9
11/08/25;223;13.9;0.8;0.0;6.0
10/08/25;222;14.2;1.5;0.0;7.3
09/08/25;221;14.2;1.4;0.0;7.1
08/08/25;220;17.5;1.1;0.0;6.3
07/08/25;219;20.6;0.9;0.0;6.0
06/08/25;218;18.2;1.1;0.0;6.5
05/08/25;217;13.7;0.8;0.0;6.2
04/08/25;216;17.2;1.7;0.0;7.2
03/08/25;215;13.9;2.0;0.0;8.2
02/08/25;214;14.2;1.9;0.0;7.9
01/08/25;213;15.6;1.2;0.0;6.8
31/07/25;212;15.0;2.0;0.0;7.8
30/07/25;211;22.9;2.4;0.0;8.1
29/07/25;210;23.7;0.8;0.0;6.0
28/07/25;209;14.5;1.0;0.0;6.6
27/07/25;208;15.2;1.0;0.0;6.6
26/07/25;207;21.9;1.6;0.0;7.3
25/07/25;206;29.1;2.5;0.0;7.8
24/07/25;205;18.0;0.9;0.0;6.0
23/07/25;204;18.4;0.9;0.0;5.4
22/07/25;203;19.1;1.0;0.0;6.4
21/07/25;202;14.8;1.0;0.0;6.4
20/07/25;201;16.9;1.3;0.0;6.6
19/07/25;200;15.6;1.1;0.0;6.4
18/07/25;199;14.4;1.3;0.0;7.0
17/07/25;198;16.4;1.0;0.0;6.9
16/07/25;197;18.3;1.2;0.0;7.3
15/07/25;196;14.1;0.9;0.0;6.8
14/07/25;195;18.6;1.0;0.0;6.6
13/07/25;194;18.4;0.8;0.0;6.0
12/07/25;193;34.3;1.4;0.0;4.7
11/07/25;192;30.9;1.5;0.0;6.1
10/07/25;191;37.1;1.1;0.0;6.1
09/07/25;190;23.9;0.9;0.0;6.4
08/07/25;189;33.2;1.0;0.0;6.4
07/07/25;188;23.5;1.1;0.0;7.0
06/07/25;187;22.0;1.0;0.0;6.6
05/07/25;186;26.7;1.0;0.0;6.5
04/07/25;185;15.4;1.9;0.0;8.1
03/07/25;184;18.6;2.2;0.0;8.9
02/07/25;183;14.0;1.3;0.0;7.6
01/07/25;182;13.5;2.0;0.0;8.9
30/06/25;181;13.9;1.9;0.0;8.4
29/06/25;180;13.7;1.3;0.0;7.7
28/06/25;179;13.7;1.6;0.0;8.1
27/06/25;178;14.5;1.9;0.0;8.5
26/06/25;177;14.4;0.9;0.0;6.7
25/06/25;176;17.2;1.0;0.0;6.2
24/06/25;175;39.7;1.4;0.0;5.7
23/06/25;174;14.0;1.4;0.0;7.7
22/06/25;173;14.3;1.3;0.0;7.2
21/06/25;172;20.6;1.0;0.0;6.8
20/06/25;171;16.0;1.7;0.0;8.4
19/06/25;170;14.4;1.1;0.0;6.8
18/06/25;169;14.3;0.9;0.0;6.5
17/06/25;168;14.4;1.3;0.0;7.5
16/06/25;167;19.3;1.8;0.0;7.8
15/06/25;166;20.5;0.8;0.0;6.4
14/06/25;165;21.3;0.9;0.0;6.2
13/06/25;164;18.6;0.9;0.0;6.2
12/06/25;163;20.9;0.9;0.0;5.9
11/06/25;162;38.0;1.3;0.4;5.1
10/06/25;161;25.0;1.6;0.0;4.9
09/06/25;160;24.8;1.0;0.0;5.2
08/06/25;159;13.9;1.0;0.0;7.1
07/06/25;158;14.0;0.7;0.0;6.0
06/06/25;157;18.0;0.9;0.0;6.2
05/06/25;156;19.9;0.7;0.0;5.6
04/06/25;155;21.7;0.9;0.0;5.3
03/06/25;154;32.4;1.4;0.0;4.8
02/06/25;153;36.7;1.4;0.0;5.7
01/06/25;152;14.9;1.3;0.0;6.9
31/05/25;151;14.3;1.0;0.0;6.7
30/05/25;150;14.4;1.5;0.0;7.4
29/05/25;149;14.7;2.4;0.0;8.7
28/05/25;148;14.1;1.4;0.0;7.2
27/05/25;147;15.0;0.7;0.0;5.8
26/05/25;146;15.6;0.7;0.0;5.9
25/05/25;145;16.8;0.8;0.0;5.8
24/05/25;144;16.8;0.8;0.0;5.5
23/05/25;143;38.6;1.0;1.0;4.2
22/05/25;142;19.9;1.0;0.0;5.9
21/05/25;141;17.6;0.7;0.0;5.6
20/05/25;140;21.6;0.9;0.0;5.5
19/05/25;139;25.8;1.2;0.0;5.3
18/05/25;138;21.2;1.3;0.0;6.0
17/05/25;137;17.9;1.4;0.0;5.9
16/05/25;136;26.2;0.5;0.0;4.8
15/05/25;135;28.1;0.9;0.0;4.7
14/05/25;134;23.3;1.2;0.0;5.0
13/05/25;133;27.7;0.9;0.0;4.5
12/05/25;132;27.9;0.7;0.0;4.3
11/05/25;131;28.7;1.0;0.0;4.1
10/05/25;130;35.9;1.1;0.0;4.3
09/05/25;129;42.9;0.7;0.0;4.0
08/05/25;128;44.7;0.9;0.0;3.2
07/05/25;127;45.2;0.9;0.0;3.6
06/05/25;126;38.4;0.7;0.0;3.6
05/05/25;125;50.3;1.2;0.2;2.8
04/05/25;124;41.9;1.3;4.8;3.2
03/05/25;123;55.2;0.8;0.0;2.6
02/05/25;122;49.3;1.1;16.0;3.2
01/05/25;121;45.4;1.2;7.2;4.3
30/04/25;120;46.5;0.9;4.4;2.0
29/04/25;119;34.3;2.7;0.0;5.4
28/04/25;118;24.5;4.6;0.0;7.3
27/04/25;117;27.4;1.2;0.0;5.1
26/04/25;116;28.6;0.7;0.0;4.1
25/04/25;115;32.6;0.9;0.0;4.7
24/04/25;114;20.1;1.4;0.0;5.7
23/04/25;113;28.9;1.1;0.0;4.7
22/04/25;112;36.8;0.6;0.4;3.4
21/04/25;111;37.9;0.7;0.0;3.8
20/04/25;110;47.0;1.7;2.2;3.1
19/04/25;109;36.1;1.9;1.2;3.5
18/04/25;108;54.1;1.0;0.2;3.5
17/04/25;107;59.4;0.8;0.2;2.3
16/04/25;106;43.5;1.5;0.2;3.3
15/04/25;105;41.8;1.4;13.2;2.8
14/04/25;104;43.1;1.6;4.8;3.2
13/04/25;103;48.8;1.0;2.8;3.1
12/04/25;102;43.7;1.0;0.0;2.7
11/04/25;101;37.9;1.7;0.6;3.8
10/04/25;100;24.4;3.4;0.0;5.6
09/04/25;99;23.1;2.4;0.0;5.8
08/04/25;98;21.3;3.0;0.0;6.0
07/04/25;97;32.9;1.2;0.0;3.9
06/04/25;96;45.8;0.6;0.2;2.7
05/04/25;95;45.4;0.6;0.0;2.5
04/04/25;94;53.6;1.7;6.8;2.4
03/04/25;93;62.7;1.1;22.4;1.9
02/04/25;92;41.5;1.0;1.6;2.9
01/04/25;91;49.1;0.7;0.0;2.7
31/03/25;90;18.9;2.1;0.0;4.8
30/03/25;89;21.6;1.9;0.0;4.1
29/03/25;88;27.4;0.7;0.2;2.9
28/03/25;87;35.5;0.6;0.0;2.6
27/03/25;86;41.5;0.7;0.0;2.5
26/03/25;85;33.8;0.6;0.0;2.4
25/03/25;84;46.4;0.6;0.4;2.0
24/03/25;83;45.4;0.7;0.0;1.9
23/03/25;82;70.4;1.2;4.4;1.3
22/03/25;81;56.0;1.8;1.8;2.3
21/03/25;80;50.0;3.0;6.4;2.8
20/03/25;79;47.7;1.4;16.4;1.8
19/03/25;78;47.4;1.9;0.0;2.8
18/03/25;77;53.8;1.6;8.0;2.5
17/03/25;76;57.8;1.6;41.8;1.8
16/03/25;75;53.9;1.2;5.4;1.9
15/03/25;74;38.1;1.0;0.4;2.2
14/03/25;73;60.3;1.1;3.4;1.6
13/03/25;72;75.2;1.9;24.0;1.2
12/03/25;71;68.1;1.2;3.6;1.4
11/03/25;70;59.6;2.6;7.4;2.5
10/03/25;69;67.5;2.1;13.2;1.8
09/03/25;68;58.3;1.4;16.2;1.5
08/03/25;67;55.2;2.1;16.6;1.6
07/03/25;66;48.9;0.9;3.0;1.7
06/03/25;65;59.0;0.8;1.4;1.6
05/03/25;64;60.3;0.8;3.6;1.4
04/03/25;63;50.8;0.9;0.4;1.9
03/03/25;62;66.4;1.3;12.0;1.4
02/03/25;61;99.6;1.0;9.8;0.6
01/03/25;60;60.6;0.7;1.8;1.3
28/02/25;59;70.6;0.8;23.6;0.8
27/02/25;58;43.6;0.6;0.0;1.6
26/02/25;57;39.1;0.7;0.2;1.7
25/02/25;56;42.1;0.8;1.6;1.6
24/02/25;55;29.0;0.5;0.0;1.7
23/02/25;54;34.0;0.8;0.0;2.0
22/02/25;53;53.2;0.9;8.4;1.6
21/02/25;52;43.1;1.6;0.0;2.5
20/02/25;51;41.3;0.6;0.0;1.9
19/02/25;50;48.4;0.7;0.0;1.7
18/02/25;49;42.3;1.0;0.0;1.8
17/02/25;48;57.8;0.5;0.0;1.2
16/02/25;47;31.9;0.9;0.0;1.7
15/02/25;46;29.4;0.7;0.2;1.5
14/02/25;45;41.1;0.4;0.0;1.4
13/02/25;44;42.6;0.5;0.0;1.3
12/02/25;43;49.7;1.4;0.6;1.6
11/02/25;42;29.0;1.9;0.0;2.8
10/02/25;41;52.3;1.0;0.0;1.6
09/02/25;40;50.2;0.6;0.2;1.4
08/02/25;39;59.7;1.0;5.2;1.3
07/02/25;38;47.6;1.2;1.0;1.6
06/02/25;37;35.5;0.7;0.0;1.5
05/02/25;36;45.8;0.7;0.2;1.3
04/02/25;35;49.3;0.5;0.0;1.1
03/02/25;34;74.9;0.7;10.8;0.7
02/02/25;33;64.0;0.5;0.0;0.9
01/02/25;32;45.3;0.7;0.0;1.2
31/01/25;31;48.1;0.9;0.0;1.2
30/01/25;30;51.3;1.5;0.0;1.5
29/01/25;29;61.5;1.7;4.6;1.3
28/01/25;28;50.5;1.8;5.0;1.5
27/01/25;27;72.7;3.1;2.8;1.5
26/01/25;26;69.5;1.8;0.8;1.3
25/01/25;25;72.5;0.9;4.2;0.9
24/01/25;24;60.3;0.6;0.2;1.2
23/01/25;23;52.9;0.8;0.0;1.3
22/01/25;22;43.6;2.0;0.0;2.3
21/01/25;21;41.5;1.2;0.0;1.6
20/01/25;20;55.3;0.3;18.6;0.7
19/01/25;19;40.5;0.6;0.0;1.0
18/01/25;18;42.5;0.6;0.2;1.0
17/01/25;17;42.0;0.8;0.0;1.1
16/01/25;16;30.5;0.4;0.0;0.9
15/01/25;15;24.0;0.5;0.0;1.0
14/01/25;14;35.4;0.9;0.0;1.1
13/01/25;13;38.8;0.7;0.0;1.0
12/01/25;12;33.6;1.0;0.2;1.4
11/01/25;11;77.8;0.5;0.0;0.7
10/01/25;10;92.8;0.4;0.2;0.5
09/01/25;9;67.6;0.9;2.2;0.9
08/01/25;8;56.0;1.1;0.2;1.1
07/01/25;7;47.2;0.4;0.2;0.8
06/01/25;6;58.3;1.4;3.2;1.1
05/01/25;5;30.2;1.1;1.4;1.5
04/01/25;4;52.0;0.5;0.0;0.8
03/01/25;3;46.0;0.3;0.0;0.7
02/01/25;2;41.4;0.5;0.0;0.9
01/01/25;1;39.0;0.7;0.0;1.0
